Hebrew+Pronounce;English
רב (rav);Rabbi // fought (m.s.) / many / much
רב (rov);most / majority
בשל (beshel);because of
בשל (bashel);ripe
בשל (bishel);cooked (m.s.)
בהם (bahem);in them (m.)
גדול (gadol);big / large (m.s.)
להם (lahem);to them (m.)
בעיקר (be'ikar);mainly / principally / especially
אלא (ela);but / only
היום (hayom);today
במקום (bimkom);instead of / in place
במקום (bamakom);in place / in the place
במקום (bemakom);in a place
שהיה (shehaya);that was (m.s.)
וכן (vekhen);and also
הרב (harav);the many / the rabbi
הרב (harov);the majority
שבו (shebo);that in him / that in it
זמן (zman);time
יכול (yakhol);can (m.s.)
להיות (lihiyot);to be
לה (la);to her
יהודים (yehudim);Jews
היהודים (hayehudim);the Jews
נוספים (nosafim);additional (m.pl.)
